"Individual neonatal genetic ancestry estimates were calculated and used to compare the ancestry proportions between cases and controls and no differences were found.",
"In addition to allele frequencies of individual ancestry groups (HARE EUR AFR HIS ASN) we use an innovative approach LAI to derive allele Fig 4.",
"Presumably genotype heterozygotes might show different TG levels depending on whether the allele for higher TG resides on the African or European local ancestry background at LPL.",
"An additional 639 subjects were excluded because buccal samples and/or genetic ancestry data were unavailable.",
"African ancestry is generally low across Mexico except for a few coastal regions.",
"Moreover single nucleotide polymorphism analysis has revealed that a common genetic variation in regulatory-associated protein of mTOR (RAPTOR) is associated with overweight/obesity in American men of Japanese ancestry .",
"We show that by highlighting mutations with the greatest degree of organism-wide or tissue-specific regulatory evidence we capture a significant proportion of SNP heritability and achieve greater predictive accuracy for trans-ancestral PRS compared to other published methods.",
"We further investigate the hypothesis of the inheritance of minimal absent words through common ancestry in addition to lineage specific inheritance from the similarity in dinucleotide compositional biases of different sets of minimal absent words.",
"For generating the ancestral sequence of C.",
" the probability that two ancestral haplotypes are different is 1 and the number of distinct haplotypes is the same as the number of ancestral haplotypes.",
"(TIF) Figure S7 Ancestry models with 5 ancestral populations ( K =5 ) .",
"We identified a genome-wide significant interaction between rs986732 in cadherin 12 (CDH12) and PA on BMI in European-ancestry studies (beta INT = -0.076 SD/allele P INT = 3.1x10 -8  n = 134767) (S7 Table).",
"Because of limited LD fine-mapping in African Americans is thought to be an effective approach for localizing functional risk alleles for common phenotypes as populations of African ancestry are expected to have on average fewer alleles that are correlated with a functional variant.",
"This difference can be reconciled by the distinct migratory histories: the African ancestry in AfricanAmerican populations is largely derived from the trans-Atlantic slave trade which forcibly departed African individuals from various geographic regions of Western Africa ranging from Senegal to Nigeria to Angola .",
"We also find that the majority of the long IBD segments (greater than 10 cM) shared between populations are of European ancestry (20 European vs.",
"Ancestral informative markers (AIMs) with the maximal absolute difference in allele frequency between ancestral populations were used to differentiate continental origins most likely to be represented in the NYUBAR population including diverse Hispanic ancestry .",
"The NRV Sonamani has inferred ancestry value of 39.0% and 61.0% for Q1 and Q2 and hence classified as admixture (AD).",
"Positive values indicate higher ancestry proportions in the autosomes than in the X chromosome while negative values indicate higher ancestry proportions in the X chromosome than in the autosomes.",
"The SMC 0 is a highly accurate approxim ation to the ancestral recombination graph.",
"European ancestry contributions were assessed by Structure analysis in the majority (60%) of the sample.",
"Barplots are sorted by percentag e of estimated global olive ancestry as determine d by ADMIXTU RE  using supervised mode with K = 2 clusters.",
"Using the UFS Zhang and colleagues reported suggestive associations between local ancestry and fibroids in chromosome 1q42.2 and 2q32.2 with one locus suggesting a positive association and the other suggesting a negative association between local European ancestry and fibroids .",
"All of these individuals were biologically unrelated individuals of China Han ancestry.",
"According to the PCA plot also in the ADMIXTURE analysis there are relatively small differences in ancestry between Northern Italians and Central Italians while Southern Italians showed a lower average admixture NE proportion (436%) than Northern and Central Italy and a higher Middle East ancestry (light blue) of 28%.",
"Improvement in fit for Bonferroni replication prediction requires both same ancestry replication and per-locus sample sizes.",
"Although these studies have demonstrated that there is no strong correlation between self-declared ethnicity and genetic ancestry in the present study we suggest that increased information content can be brought through the use of combined information from self-declared ethnicity with the different types of inheritance uni-parental and bi-parental.",
"To determine this we first constructed a phylogenetic tree for the family and inferred ancestral sequences at specific nodes in the tree (Figure 3).",
"For comparison individual proportions of European and African ancestries were also estimated using ADMIXMAP  with 2000 burn-in and 10000 iterations using allele frequencies from parental populations as priors.",
"The evaluation of genomic ancestry was conducted using the Admixture program .",
"All subjects came from the central area of Mexico and had Mexican ancestry for at least 3 generations.",
"It suggests that QTL2.1 is specific of flint ancestry and interacts with the genetic background for MF.",
"In striking contrast this haplogroup is apparently absent from the whole of North and Central America with the exception of a single C3* carrier of selfreported indigenous ancestry from Southeast Alaska  as well as from Melanesia east of Borneo and Polynesia.",
"Approximately 1 in 4 individuals with colorectal cancer in sub-Saharan Africa is under the age of 40 years. In general young people with colorectal cancer are more likely to have a pathogenic germline mutation.[5 6] Thus it has been hypothesised that the frequency of hereditary colorectal cancers particularly Lynch syndrome is high in sub-Saharan Africa. This is supported by the high frequency of histological features associated with Lynch syndrome (mucinous and signet ring cell morphology) and of mismatch repair protein deficiency in colorectal cancers in this region.[7–9] The earlier age of onset of colorectal cancer among African-Americans also provides additional indirect evidence of an intrinsic genetic predisposition among people of African ancestry. While this theory is plausible there is lack of solid supporting evidence.",
"Unfortunately the number of papers in each bin becomes quite small in particular the mere four papers with different ancestries in discovery and replication but correct per-locus sample sizes.",
"However given that the overwhelming majority of all populations tested were of European descent our findings are only applicable to those of European ancestry.",
"We do not believe this marginal stratification will affect downstream analysis due in part to the limited degree of deviation the large presence of both African and European ancestry populations in public databases and our desire to find rare mutations which are less likely to be affected by genetic background.",
"While ancestry proportions contain less information than segment lengths they are potentially more robust to misidentification of the segments boundaries.",
"Latin American s show wide-spre ad Converso ancestry and imprint of local Native ancestry on physical appearanc e.",
"Assessing Ancestry Informative Marker Panels Let G be a matrix of genotypes for each of then individuals in the data setF be a matrix of variant allele frequencies for each of the k source populations and Q be a matrix of k ancestry proportions for each of then individuals.",
"The great diversity in mtDNA ancestral haplogroups present in African-Americans adds further complexity to interpreting sequence variation.",
"Here were present that evidence in the form of 1) a tribosphenic nomenclatural system for mimotonids based on gross cusp topology and occlusal relationships 2) a phylogenetic framework for duplicidentates that shows a clear ancestral-descendent relationship between mimotonids and lagomorphs and finally 3) extrapolations of the tribosphenic patterns recognized within mimotonids to stemand crown-lagomorphs couched within this phylogenetic framework.",
"The reason that we do not have to control for the first 10 genetic PCs is that siblings share their ancestry and the genetic PCs are used to control for ancestral differences.",
"To generate a co-ancestry matrix for the 79 strains from Clades I and II we used ChromoPainter within FineSTRUCTURE v4.1.1 .",
"Further in one of the few cases where historic data is available the frequency of introgressed Neanderthal ancestry in humans has decreased over time .",
"Heterogeneous global ancestry as with other types of population structure can lead to spurious associations in genome-wide association studies (GWAS) [6–9].",
"Assuming that most alleles affect the phenotype additively and have noninfinitesimal effect sizes having many loci with opposite homozygous ancestry can result in hybrids with maladaptive mismatched phenotypes whereas highly heterozygous individuals are expected to have less mismatched phenotypes (Fig 1 S1 Fig).",
"(TIFF) Figure S36 Facial area changes due to sex and ancestry.",
"In contrast when we analyzed the ancestral alleles (construct B Figure 2C) suppression was compromised indicating that the sequence variations in sites II and III interfered with miR-155-dependent regulation ofTYRP1 (Figure 2C).",
"Reconstructing ancestral proteins on either side of an ancient functional change neglects epistatic interactions that earlier prevented the change and that later prevented the new function reverting  or changing in response to a new selective pressure.",
"Genome-wide trans-ancestry meta-analysis provides insight into the genetic architecture of type 2 diabetes susceptibility.",
"We conducted 10 runs for each value of K from 1–20 with both length of burning period and number of MCMC reps after burning set at 10000 an admixture model for ancestry and allele frequencies set as independent.",
"Our method makes simplifying assumptions about the admixed and ancestral populations that may make it unsuitable for common model selection methods such as the Bayesian information criterion or the Akaike information criterion (S2 Fig) .",
"These results indicate that in families with uniform ancestry the strength of the genetic effect becomes stronger for rs7794745 in both multiplex ( t = 0.55 vs 0.54) and simplex ( t = 0.54 vs 0.51) collections; for rs17170073 in the multiplex (t = 0.60 vs 0.54) collection only; and for rs2215798 (t = 0.35 vs 0.48) rs2710093 ( t = 0.40 vs 0.47) and rs2710102 (t = 0.56 vs 0.52) in the simplex collection only.",
"Two inbreds viz. VQL-1 and UMI-1230 showed similar haplotype thereby suggesting the origin of Sh2 gene from a common ancestry.",
"Fast model-based estimation of ancestry in unrelated individuals.",
"We have identified several susceptibility variants including within the MICB gene region which show global ancestry risk modification and indicate ancestral differences which may be due in part to correlated environmental factors.",
"The average Native American ancestral contributions range between 5.6% and 10% across the 3 Color groups.",
"Furthermore to our knowledge there has been no systematic assessment of the extent to which genetic risk loci identified in European ancestry individuals can be transferred into South Asians.",
"3Estimation of the ancestral orientation is based mainly on the iPCR results for chimpanzee and gorilla.",
"What is the level of African European and East Asian ancestry in Native American populations?",
"Individuals were excluded if their genotypic data showed missing rate .1% abnormal heterozygosity a sex assignment that conflicted with phenotypic data if they were related (up to 2 nd degree) with other study members or of nonEuropean ancestry.",
"Third we also report the proportion of sites where the maximum likelihood estimate of the hidden state is equal to the true ancestry state.",
"In the present research we disaggregated participants with Native Hawaiian ancestry from those with nonnative Hawaii Pacific Islander ancestry those with Filipino ancestry and those with other Asian ancestries for analysis .",
"As we demonstrate here large-scale population studies like AoU will make it increasingly feasible to gain insights into variant frequencies in different genetic ancestry groups including founder populations but some of these genetic ancestry groups will also be defined by limited access to health care.",
"To control for potential population stratification we used the first ten PCs of ancestry to adjust lung function values and then included the ancestry PCs as fixed effects in the GWAS models (Materials and methods).",
"Only the full background model is able to reliably reject false positive correlations due to shared ancestry and thus to unmask evolutionary correlations between miRNA target sites that exceed the control.",
"We infer that the Mozabite are the result of admixture between an African and a Middle Eastern population (with about 33% of their ancestry from Africa) and that Middle Eastern populations also have African ancestry (Palestinians and Bedouins: w~13% from Africa; Druze:w~6%).",
"We generated allele frequencies using a version of the Balding-Nichols model  where we assume that the ancestral allele frequency is unknown .",
"The women self-identified as either black African (73/ 115 [63.5%]) mixed ancestry (36/115 [31.3%]) White (2/115 [1.7%]) or as other ethnicities (3/ 115 [2.6%]).",
"(Left side) Observed (points) and predicted (solid line) ancestry tract size distributions; the shaded areas represent 95% confidence intervals.",
"Finally we can consider what occurs when an introgressing allele is derived compared to the ancestral allele but also replaces an existing derived allele in population B.",
"Collectively given the observation of multiple rln/insl and ins/igf  and rxfp1/2-type genes which are unmistakably evolutionarily related to their vertebrate counterparts combined with the virtual absence of rxfp3-type genes in echinoderms and cephalochordates we propose that the signaling of the ancestral RLN/INSL peptide in the chordate ancestor occurred via RXFP1/2-type receptors.",
"Although three other migration edges originate from the branch between indicine and taurine (such as edge b) all of the receiving populations show indicine ancestry in the ADMIXTURE models.",
"We also included a matched group of subjects permanently resident at sea level in Lima without high altitude ancestry.",
"The association results were adjusted for age total IgA case-control status ancestry and cohort membership.",
"In turn understanding the interaction between the social and environmental milieu with an individuals genomic profile and genetic ancestry can extend our understanding of disease pathology and expand therapeutic options for everyone .",
"We randomly re-shuffled the associated BP measures and covariates to the SNP genotypes and ancestry estimates in our participants 10000 times and created a distribution of pvalues.",
"These statistics are aggregated to derive trans-ancestry genelevel (TA-gene) summary statistics which are then combined across the gene set for the pathway analysis using the ARTP framework.",
"Two deletions were detected and carefully characterized in study cohorts of mainly European ancestry in terms of their population frequencies number of origins ages breakpoint sequences and their association with prostate cancer.",
"These authors reported that individuals with high TG concentrations had approximately 5% higher Native American ancestry than individuals with low TG concentrations.",
"The ancestry of Xag can be tested by mapping of the X chromosome genome sequences from several species of theAn.",
"Influence of demographics on PROP detection threshold.Dependence of PROP detection thresholds on age (a) body mass index (b) gender (c) and principal components 1 and 2 (de) of a genetic ancestry analysis.",
"Since there are no ancestral polymorphisms if there is only a single ancestral haplotype k Ľ 1 we need to condition onk .",
"RESEARCH ARTICLE Distinct Transcript Isoforms of the Atypical Chemokine Receptor 1 (ACKR1) / Duffy Antigen Receptor for Chemokines (DARC) Gene Are Expressed in Lymphoblasts and Altered Isoform Levels Are Associated with Genetic Ancestry and theDuffy-Null Allele Melissa B.",
"The most recent divergence date estimates for the Ethio-Somali ancestral population are with the Maghrebi and Arabian ancestral populations at 23 and 25 ka.",
"The outer-core protein and major BTV serogroup-specific antigen VP7 showed 98% aa sequence identity with BTV-25 indicating a common ancestry.",
"The strains that had been filtered out due to being closely related to retained strains were assigned the same ancestry as the latter.",
"To evaluate general chromosomal recombination five populations of European ancestry in the 1000 Genomes Project (1KGP)[81 82] including US Caucasians Great Britain Italy Spain and Finland were combined for reliability to reveal recombination hotspots in SLC6A3 by using the published FastEPRR protocol.",
"In the PR dataset the e4 alleles on an EU ancestral background were significantly associated with AD (p-value = 3.7e-05; OR = 4.49) Fig 1.",
"We use three-way local ancestry deconvolution (EUR AFR AMR).",
"Because African Americans are more likely to have persistent sarcoidosis than Europeans Americans  we also investigated whether radiographic phenotypes (resolution of disease after a minimum of two years of follow-up; persistence of disease after this time with Scadding stage IV disease; persistent disease without Scadding stage IV; Scadding stage IV disease alone) differed in heritability associated with local ancestry differences.",
"Further these two sets of GWAS will be meta-analyzed using the METAL software  to obtain the currently largest GWAS on lumbar DD for the European ancestry population.",
"To illustrate this Figure 5 shows the inferred ancestry proportions for a set of haplotypes (estimated from trio data) in 20 African Americans collected as part of the HapMap3 project.",
"Relatively high proportions of ancestry between Hereford with Sl_Si (8.87%) CH_OBV (10.58%) DE_DN (10.92%) PL_DSN (11.37%) DE_DSN (11.69%) and DE_HF (12.39%) were identified.",
"Interestingly the estimated time for the second pulse of European migrants into the ancestors of present-day Colombians (i.e. 12 generations ago) coincides with the creation of the Colombian-based Viceroyalty of New Granada accounting for the large increase (from 12.5% to 75%) of European ancestry in the model based on tract length distributions.",
"We propose two genealogical principles: ancestry size and ancestry diversity.",
"While some switch errors and ancestry misassignments are still persistent these are reduced relative to S11 Fig.",
"To clarify the ancestral admixture situation of the Yabukita-type in Yabukita pedigrees we analyzed 11 artificially crossed and six naturally crossed F1 progenies and two F2 progenies of Yabukita (Fig 4A 4B and 4C).",
"Letting the numbers of these be x A and x B  respectively we define the size of the haplotype (x) as the total number of alleles it is carrying which will be equal to the number of new ancestral and replacement sites.",
"In addition to self-reported race and ethnicity genomic estimates of ancestry were derived using principle component analysis of ancestry informative genetic markers .",
"Ancestry inferences were performed using STRUCTURE v2.3.3  with a burnin length of 100000 followed by 100000 MCMC repetitions and a variety of parameter sets were tested depending on the objective of the analysis.",
"The third example position 294 reveals an interesting preservation pattern whereby preservation of isoleucine (I) from a relatively recent ancestor (inferred from the I present in all deuterostome species) broke a longer-standing pattern of ancestral preservation (V is inferred to be present in all more ancient human ancestors: bilaterian through LUCA; nodes 7–10).",
"To determine which allele at each top GWAS marker was most likely the ancestral allele we obtained genotypes at these markers across 54 publicly available wild canid whole genome sequencing datasets (1 Dingo 48 Gray Wolves 3 Coyotes 1 Dhole and 1 Golden Jackal) from a previously published dataset available in the NCBI Sequence Read Archive (SRA) [41 45].",
"Boxplots of ancestry proportions estimated using genome-wide data and proportions estimated using the panel of 96 AIMs are shown in this figure per source population for the Cape Town study group (n = 733).",
"Ancestry components can be used as continuous traits.",
"Our findings along with the previous in vitro studies of immune cell transcriptomic response [11–13] demonstrate that ancestry is a major contributor to immune variations across populations.",
"Principle components analysis (PCA) was used to identify and exclude individuals with non-European ancestry and control for population substructure.",
"Origin and evolutionary history of the inversion The presence of tag SNPs and identical breakpoints in the reads of allInv chromosomes indicate that the inversion was generated only once from the ancestralStd orientation.",
"The time estimates option was employed to measure the age of an ancestral node in mutational units.",
"Conclusions We applied stringent SNP selection to identify a panel of ~4k ancestral polymorphic loci to reduce the effect of ascertainment bias and facilitate the comparison of divergent breeds of cattle.",
"We carried out next generation sequencing of 321 South Asians from different geographic regions linguistic and religious groups (Figure 1 Figure S1 Table S1 in File S1) to compare genetic variation between people of South Asians ancestry and other major populations [4–6].",
"When used for forensic purposes they may provide an indication of age sex and ancestry .",
"For the main analysis (MEAN) we additionally performed ancestry-specific analyses (analyses conducted separately in EA and AA the two population groups with the largest sample sizes) and sex-stratified analyses (analyses conducted separately in men and women).",
"Genetic discovery study participants In the genetic discovery analysis we combined data from up to 159940 participants (maximum number available for any variant) of European African American East Asian and South Asian ancestry including subsets from previous publications  (S1 Table S2 Fig).",
"In comparing minor allele frequencies across cohorts the SNPs genotyped for the present study were generally observed to be more common in European ancestry cohorts as reported in the 1000 Genomes Project database (Fig 1).",
"This ancestral group subsequently diverged to generate the other four C.",
"To date all cases of SCA10 are restricted to patients with ancestral ties to Latin American countries.",
"Methylation quantitativ e trait loci (meQTLs ) are consis tently detected across ancestry develop mental stage and tissue type.",
"BP have shared ancestry with later Pasto - ral Neolithic (PN) herders but were not modelled as directly related.",
"In Mixed Ancestry individuals who were successfully genotyped for both theGSTT1 and GSTT2B deletions 13 of 414 controls (0.031) and 16 of 217 cases (0.074) were homozygous for both deletions (genotypeDel-Del/Del-Del) which was a marginally significant difference (p = 0.027).",
"The correlation was lower for the minor ancestral components (African ancestry in Mexican populations and Native American ancestry in Puerto Rican populations).",
"We also generated a version of the ancestry informative sites excluding markers that overlapped with repetitive regions and recalculated cross-population correlations.",
"Knowing the ancestry information at the individual level can be essential in medicine as the disease risks and frequencies vary between the individuals of different ancestral groups .",
"This cannot be simply explained by shared ancestry which would have produced similar protein trees and a limited combination of alleles and instead supports the non-random retention or loss of both AQY genes.",
"Erymnochelys; ) the low-level fossil vertebrate taxa described from the Maevarano Formation could not be considered as candidates involved in the ancestry of clades represented in either the subfossil or in the extant fauna of Madagascar .",
"Although the idea of admixture mapping is not new it has only recently been implemented in practice with the introduction of panels of ancestry-informative markers  and statistical data analysis methods for detection of disease genes [7–10].",
"Therefore these four protein phylogenies support with a high degree of confidence the existence of a viral clade with ancestral DNA replication machinery branching separately from Eukarya and Archaea.",
"Further genomic ancestry/ethnoracial classification did not modify the strong predictive power of SRH for mortality.",
"(PDF) Table S13 Significance of ancestral contributions within southern Africans from our study.",
"Genes and SNPs were assessed for their association with breast cancer risk by strata of menopausal status and genetic ancestry in the whole population and by ER/PR status for the 4-Corners Breast Cancer Study and the San Francisco Bay Area Study.",
"The CVRMSD for a null model that equates the ancestry frequencies at each locus with the genome-average is also shown.",
"As a benchmark Model 1 controls for gender age years of schooling province fixed effects and individual ancestral composition.",
"Our ability to identify the ancestry of ancient human remains is greatly facilitated by detailed maps of the genetic structure of contemporary human populations as demonstrated by a number of high profile archeological finds .",
"Moreover it proves that the GC enrichment in polymorphic sites happened in ancestral sites as well as in more recent sites acquired after the migration of theHomo sapiens from Africa some Figure 2.",
"Relationship between minor parent ancestry (X.",
"We focus on the emergence and demise of two specific classes of genes ORFans (genes with no homologs in present databases) and HOPs (genes with distant homologs) since these genes in contrast to most conserved ancestral sequences are known to be a major source of the novel features in each strain.",
"SNPs that achieved significance at p0.05 level in our Phase 2 replication set were subject to functional evaluation using expression quantitative trait loci (eQTL) analyses forcis-regulating elements from B-LCL derived from 60 European ancestry and Yoruban HapMap trios (mother father offspring) evaluated under two conditions: stimulated with CL097 an innate immune agonist acting through Toll-like receptor 7 (TLR7) or with culture media alone .",
"Generaliza tion and dilution of associat ion results from European GWAS in populations of non-Euro pean ancestry : the PAGE study.",
"Population genetic summary statistics were also estimated in ancestry blocks (ancestral chromosomal units) i.e.",
"Inferred ancestry of individuals was calculated after averaging ten STRUCTURE runs with CLUMPP after Evannos test.",
"Our approach numerically calculates the expected local ancestry landscape in an admixed population for a given multi-locus selection model and then maximizes the likelihood of the model.",
"European ancestry samples (AFR vs.",
"Indeed the ancestral allele at rs9493857 results in increased GR-binding and glucocorticoid-regulated gene expression suggesting that an increased stress response (i.e. glucocorticoid responsiveness) was advantageous in ancestral human populations.",
"Attempts to apply the methods to all blocks longer than 1 cM reveals that there is no history of rates of common ancestry that under this model produces a block length distribution reasonably close to the one observed—small but significant deviations occur below about 2 cM.",
"Our results were consistent with previous reports: we reinforced that SLE-association with PTPN22 is largely accounted for by rs2476601 in individuals of European ancestry .",
"European ancestry replication centres were meta-analysed using a fixed effects inverse-variance weighted method.",
"Genetic ancestry was also assessed by ancestry informative markers (AIMs).",
"As such we can assume that the presence of a given allele in two breeds may indicate shared ancestry between those breeds.",
"In biological terms drive favoring the ancestral type implies that a hotspot-stimulating mutation creates a hotspot very locally incis.",
"The maximum likelihood estimates of the mutation rates were calculated using the following expression for the likelihood: Y i;j pđ0; kij ŢR0 ˝1 /C0 pđ0; kij Ţ/C138 RC pđ1; akij ŢP1 ˝1 /C0 pđ1; akij Ţ/C138 PC pđ1; bkij ŢI1 ˝1 /C0 pđ1; bkij Ţ/C138 IC ; đ1Ţ where p(0 kij) is the Poisson probability density of 0 mutations producing base j at a site where the ancestral base wasi given a mutation rate kij (mutations per site over the whole genealogy).",
"Both first and second principal components show great genetic differentiation between the five proxy ancestral groups where the SAC is in the convex hull of them.",
"This is consistent with the findings of Wang et al who examined thirteen Mestizo populations in Latin America and found extensive variation in Native American and European ancestry and relatively low levels of African ancestry .",
"These results together suggest that Kashmiris generally share ancestry with west Eurasian and South Asian populations as opposed to having directly received significant genetic contributions from Greek or Jewish populations.",
"Individuals included in the 23andMe cohort were selected for being of primarily European ancestry as determined through an analysis of local ancestry via comparison to the three HapMap 2 populations using an unpublished method substantially similar to .",
"Tracing the genomic ancestry of Peruvians reveals a major legacy of pre-Columbian ancesto rs.",
"We additionally compared the genome-wide haplotype diversity and the percentage haplotype sharing by IBD (see Materials and Methods) and the result in Table S3 indicates that the SAC has a higher haplotype diversity than any of its five proxy ancestral groups.",
"The ancestry-specific data at each altitude is reported in supplementary data tables for the interested reader (Tables S2 S3).",
"The major axis of genetic diversity within M ancestry in the Americas (PC1) mirrors pre-existing population structure within Europe between Apis mellifera mellifera (Poland) and Apis mellifera iberiensis (Spain) two wellknown honeybee subspecies that may have different historical import rates to different regions.",
"The amount of African ancestry in Italians is however more comparable to (but slightly higher than) the average in other Mediterranean countries (7.1%).",
"We next focus on pairwise comparisons in regions where polymorphisms are jointly segregating since such variation likely represents incompletely sorted ancestral variation.",
"Chronic kidney diseases in mixed ancestry south African populations: prevalence determin ants and concorda nce between kidney function estimators .",
"Samples are broadly consented 49 Crohns Disease cases of Ashkenazi Jewish ancestry from New York and Connecticut.",
"The reason is that the GWAS for educational attainment is based only on European ancestry individuals and PGSs created from such GWASs have lower predictive power among non-European samples .",
") has been suggested to be ancestral [28–3059] but could also represent a derivative form of two-step meiosis.",
"Apart from variant 3909T the novel variants were only noted in individuals and are not present in the wider population and are thus probably sporadic rather than ancestral.",
"(Figure A) A histogram of West African ancestry was plotted in R.",
"(DOC) Text S3 Chromosome 1 Ancestry Deviations.",
"Increasing Mapuche ancestry associated with a lower educational level and with a lower socioeconomic status.",
"Conditional on any event generated in the forward run it is straightforward to calculate the probability that the event affected zero one or two sample ancestral lineages in the backward run (see S1 File—section 5 for details).",
"This sex-biased contribution was particularly evident for Native American ancestry.",
"The ancestry of a sample of sequences subject to recombin ation.",
"The ancestral promoter type of the ST8SIA2 gene in the human lineage was originally TGT as found in non-human primates from which the TCTand CGT-types near-simultaneously descended about 600 kya (Fig 5).",
"The trimmed consensus sequences were exported to MEGAX  to infer ancestry of the sequences.",
"Locus-spec ific ancestry to detect recent response to selection in admixed Swiss Fleckvi eh cattle.",
"In Chinese populations we have developed a panel of PRSs for lung cancer (PRS-19) and gastric cancer (PRS112) based on large-scale GW AS data which showed substantial differences compared to those of European ancestry [11–13].",
"Y chromosom e haplogroup s and prostate cancer in populations of European and Ashkenaz i Jewish ancestry.",
"Manhattan plot for apnea hypopnea index in the European ancestry population.This figure plots the association results for all SNPs against log(apnea hypopnea index+1) among those of European ancestry.",
"Contrasting results in the ancestral subgroups resulted in significant subgroup differences which was detectible in all three assessed genetic models (I 2 =7 9 % PQ = 0.003 in dominantI2 = 62.4% PQ = 0.05 in recessive and I2 = 83.4%; PQ = 0.0004 in allelic genetic model).",
"The resulting Eigenvectors were used to distinguish the four continental ancestral populations with the following HapMap samples: Africans (ASW LWK MKK and YRI) Europeans (CEU and TSI) Hispanic and East Indians (MEX and GIH) and Asians (CHB CHD and JPT) [102 103].",
"The PCA plot for cases showed a separation of three distinct ethnic populations representing Asian Central/South American and European ancestries (S1 Fig).",
"Closely related species are likely to be susceptible to the same or similar parasite species due to common ancestry and the same can happen with sympatric host species due to common ecological determinants .",
"The combined landscape of denisovan and neanderthal ancestry in present-day humans.",
"As opposed to most previous local ancestry methods that require phased reference panels our approach only requires allele frequency information for each continental group.",
"Haplotype analysis shows that these families are not ancestrally related suggesting that at least three independent mutational events resulting in the same p.Leu26Phe substitution have occurred (S3B Table).",
"In the F2 population each gbM site is characte rized by ancestry: NN NS and SS.",
"The DRD4 x maternal sensitivity interaction for child Externalizing Problems was also significant in linear regression models controlling for potential confounds.Table 2shows results from regression models of effects of maternal sensitivity (continuous measure)DRD4 genotype and DRD4 7R x maternal sensitivity on CBCL scales at 18 months adjusted for maternal age maternal depression at 18 months child gender (and child African ancestry in the combined sample).",
"Previous studies have described the proportions of African European and Native American ancestries across individuals [7–13] the amount of diversity in sequence data [9 14 15] and inferred admixture models [12 16 17].",
"This finding remained the same when taking the broader family environment into account controlling for kinship age gender and genetic ancestry and when including a tri-allelic factor.",
"Ancestral origin of ApoE e4 Alzheime r disease risk in Puerto Rican and African American populations.",
"However the resulting posterior ancestries were essentially identical to those inferred in the absence of contact data (S6 Fig).",
"An assumption of six ancestral populations was used to determine significance of admixture fractions using ADMIXTURE.",
"Eigenvectors were estimated within ancestry groups and platform strata for refined control of population stratification.",
"EAS = East Asian ancestry group (C D).",
"The evolutionary divergence of LUCA can be constrained at 40% ancestry by the first appearance of a fold found exclusively in a single domain of life .",
"In the population of European ancestry we found that 50% of the individuals are heterozygous for the inversion 8% are homozygous and 42% do not have the inverted allele (Figure 2B).",
"Admixture mapping We used the ANCESTRYMAP software  to search for genomic regions associated with an increased percentage of either European or African ancestry.",
"Anthropologically  the Roma are the transnational minority population marked by common Indian ancestry.",
"Additionally we find no substantial reductions in genetic diversity associated with rapid expansions nor complete dropout of scutellata ancestry at any individual loci on either continent which suggests that the competitive fitness advantage of scutellata ancestry at lower latitudes has a polygenic basis and that scutellata-European hybrid bees maintained large population sizes during their invasion.",
"For ancestry the following groups were analyzed: Tuscan (TSI) Northern Europeans from Utah (CEU) Finnish (FIN) British (GBR) and Yoruba (YRI).",
"The integrity of the PCR product was verified on 1.5% Table 1.Demographic clinicopathologic characteristics and percent ancestry of breast cancer patient cases.",
"We reported effect size estimates oriented with respect to 0 1 or 2 copies of the allele listed as coded. Covariate adjustment for local ancestry assumes that ancestry effects are additive whereas our stratification approach is model-free in this regard.",
"Additionally they also differ in their genome-wide ancestry: X.",
"The ancestries estimation also suggested a remarkable degree of similarity for all the sampled Sardinian subjects at the same time a significant heterogeneity when Sardinians are compared to peninsular Italian subjects.",
"In all panels simulation was conducted under the following parameters: A total of 2500 association peaks from well-powered GWAS studies (n = 150000) were tested for pleiotropy in simulated discovery cohorts (n = 10000) and then the candidate pleiotropic loci were tested for replication in simulated validation cohorts of the same genetic ancestry (n = 10000–35000).",
"PCA based ancestry estimation.",
"We do not have information on ethnicity or ancestry beyond country of residence for EPIC and have classi<U+FB01>ed all EPIC participants as white.",
"However phase switch errors that arise from this procedure (which are common even with the best phasing algorithms ) would inappropriately force the method to infer ancestry transitions.",
"Under the assumption that there was no ancestry-related bias in fitness the LDA probabilities likely reflect the composition of the founding population.",
"Although it may be feasible to explicitly model linkage within ancestral populations (e.g. ) when ancestral populations have relatively little LD such as those of D.",
"For comparison we also assessed ancestry classification using the ADMIXTURE software  for the reduced set of private SNPs (N = 72).",
"When examining only the non-admixed individuals (those with at least 0.8 of coefficient of ancestry values) the differentiation between cI and cII increased (F ST = 0.4; P < 0.00).",
"The Persian Arabian horse originated in the southwestern part of Iran but currently is a geographically neighboring population to the Kurdish horse and one might suspect some admixture or ancestral relationship between these two populations as also endorsed by the available historical information.",
"Center 3 is composed of subjects collected from multiple sites in the province of Que´bec (Canada) which are all of European ancestry and includes 34 probands of Ashkenazi Jewish ancestry and 6 of Sephardic Jewish ancestry.",
"We estimated allele frequencies at each ancestry-informative marker using ANGSD polarized SNPs so the focal ancestry has the highest MAF and only included markers with coverage in all sampled populations.",
"If skin color in Cape Verde is 80% heritable the four major loci and individual ancestry explain most of that variation with only a small amount of missing heritability (the hashed portion of Figure 7b).",
"In Asians obesity was higher in Asians of other ancestral background compared to Chinese and Filipino adolescents .",
"261025 for the comparison between population from Bele ´m and from Porto Alegre with European ancestry.",
"Furthermore we achieve optimal performance only when we tune the model separately for individual HARE ancestries.",
"Admixture mapping reveals evidence of different ial multiple sclerosis risk by genetic ancestry.",
"Likewise GWAS studies in women of African ancestry have further identified SNP that may increase PRS AUC [26 27].",
"For GWAS and PheWAS analyses only those self-reported to have European ancestry and with normal ranges of liver function tests were selected (Table 1) (details described underPhenotyping).",
"Texan Hispanic patients (Mexican ancestry) were more likely to develop ESRD than patients in the other ethnic groups as demonstrated in both the univariable and multivariable analyses.",
"However these strains are rare even within groups with substantial Native American ancestry and may being dying out in competition with other strains due to low diversity within the population or other factors .",
"Use of our basic approach should prevent distinct historical constraints from confounding inferences about physico-chemical constraint and reveal how to better incorporate both ancestral preservation and physico-chemical differences into functional prediction.",
"We note that a correlation between geography and genetic ancestry has also been observed in other parts of Europe [19–22].",
"To maximize ancestry-informativeness of sites in this analysis we identified SNPs in the top 10% tail for any of the three possible configurations of the population branch statistic between maize mexicana and parviglumis reference populations thereby enriching for SNPs that distinguish one reference population from the other two.",
"This GWAS produces summary-statistics defined by contrasting cases and controls from the training-arm while correcting for ancestry-related covariates.",
"Step 2: Identification of gene family lineages Ancestral node state assignments made in the previous step are then consolidated to delineate the species lineages and ancestral phylogenetic tree branches where the gene family is likely to have arisen (Fig 1B).",
"(PDF) Table S1 Proxy ancestry scores.",
"Finally this relationship between relative limb proportions subcutaneous fat and birth weight may not apply in other populations with different environmental exposures or ancestry and this needs to be investigated.",
"Ancestral Homo sapiens who originated from Africa  migrated into Asia along the coastal route .",
"Finally while our approach can be used to detect true differences due to drift and selection the impact of other potential sources of population differences such as non-additive effects  and gene-environment interactions  and confounding by genetic and environmental effects that correlate with ancestry  is unclear.",
"This model designed for continuous Ne estimation implemented a stepwise time interval function and conducted 100 iterations with <U+2202>a<U+2202>is Integration.one_po function effectively modeling Ne transitions from ancestral levels to current Ne estimates across sequential time intervals.",
"Individual s labelled with an asterisk ( <U+FFFD> ) pertain to four modern Singaporea n junglefow l inferred to have little domestic ancestry (see Fig 2).",
"Therefore it may be more relevant to infer selective constraints by considering only the direct ancestral lineageof a given protein rather than all lineages (as in methodologies such as SIFT that consider homologous sequences from other organisms).",
"Statistical significance for admixture mapping analyses was established empirically with 10000 case-control permutation tests at p-value = 1.82x10 -5  implying approximately 2747 independent ancestry markers.",
"This analysis focused on a subset of the participants (N = 717) of European ancestry.",
"Ancestral duplications and ancestral conservations.The ancestral conservation sij is de<U+FB01>ned as the percentage of proteins in j that are conserved in i (i.e. proteins in j with at least one signi<U+FB01>cant match in i) relative to the total number of proteins in j: sij Ľ 100*(number of proteins in j that are conserved in i)/size(j).",
"UKBB African-ancestry participants were identified using the following six self-reported ancestries: Caribbean African Black or Black British Any other Black background White and Black African and White and Black Caribbean.",
"In humans green and red signals are provided by the same ancestral red cone with the tweak that some red cones randomly express a green-shifted version of the red opsin while others express the original red version  (Fig 4A left).",
"In our study to reduce the chance of bias we performed data adjustment by age gender as well as ancestry.",
"We can see that the standard neutral theory makes no sense for very abundant species; it predicts that genes share common ancestry 2N generations back which may often be older than the species andfor microbes older than the planet itself.",
"The Admixture Model was used assuming that each genotyped individual could have mixed ancestry inheriting some fraction of its genome from ancestors in a different population.",
"In many ways principal component analysis (PCA) provides an attractive alternative to model-based genetic ancestry inference.",
"This statistic measures the amount of information that multiallelic markers provide about individual ancestry .",
"In other words varying contributions from ancestral populations are not a major determinant of genetic differences between Icelandic regions.",
"Principal component analysis showed stratification in the sampled population with 25% of subjects (n = 10) overlapping with the Mexican ancestry cluster (MEX) and 75% (n = 31) overlapping with the European ancestry cluster (CEU) of the HapMap population (S2 Fig).",
"The first step in this method is to identify plausible discriminatory sites that separate ancestral replicative elements.",
"To reduce stratification effects and because expression imputation relies on sufficient matching of LD patterns between the target and reference panels  we restricted our analyses to individuals of European ancestry as that was both the largest relatively genetically homogeneous sample available across all cohorts and because the expression reference data were primarily derived from European ancestry individuals.",
"RESEA RCH ARTICL E Ancestry of the AUTS2 family–A novel group of polycomb-com plex proteins involved in human neurological disease Robert A.",
"Given these exposure scores/conditions defining the extremeness of phenotype within the potential cases and controls we then incorporated both gender balance within-group and pairwise ethnicity/sex matching between-groups to this design to avoid happenstance confounding by differing proportions of sex or ancestry in the relatively small samples.",
"Isolation between these ancestry groups is driven in part by variation in self-fertilization and flowering time.",
"Analysis of individual ancestry data revealed that two self-reported CA had greater than 55% African ancestry and one self-reported African American had 99.9% European ancestry (Fig 1A red circles S1 Table).",
"Chromosome 9 locus for European-Ancestry Analysis F.",
"The non-smoker sample size in the Mixed Ancestry population (N = 13) was too low to perform an interaction test in this subgroup.",
"Cases where the same mutation was found in two mutants could have resulted from recurrent mutation or common ancestry although the experiment was designed to minimize the potential for recovering clonally related mutants (see Text S1) and in at least one case (described below) the shared mutation exists on different genetic backgrounds suggesting independent origins.",
"Introgression peaks shared between populations To characterize introgression peak sharing between individual populations we defined ancestry peaks as sites where a population has over 2 standard deviations more introgressed ancestry than the genomewide mean.",
"Again the problem with the principal components approach is that it tends to overcorrect for small differences due to slightly different ancestry between cases and controls differences which could be very small compared to allele frequency differences for a strongly causal SNP.",
"An analysis in an independent sample of Chinese individuals of Han ancestry also showed that the His615Arg polymorphism has a significant effect on skin pigmentation (p = 0.005).",
"For example the differences associated with geographic ancestry (from the top row of Fig 10) are factored into contributions on a per-region basis (Fig 11).",
"Based on our haplotype analysis it is evident that the ancestral (common) alleles of both rs11190870 (T freq = 0.551) and rs11190878 (A freq = 0.671) reside on the ancestral haplotype hap-6 (TTA) (Table 2).",
"This is because as we trace the ancestry of a single individual back in time the genome of the extant individual contains progressively less information about an ancestor.",
"Combin ing genetic ancestry from differe nt positions leads to a graph incorpora ting all realized genetic ancestry paths implicitly passing through points representing specific individuals.",
" and allow us to reconstruct an apparently fulllength and intact pSIV consensus sequence that provides new insights into the evolutionary history of lentiviruses and should permit functional analysis of an ancestral primate lentivirus.",
"They also quantify demographic effects that were less well characterized such as ancestry-biased migration and the geographic patterns of relatedness among African-Americans.",
"To estimate the time of admixture we first use the lengths of EU and ME tracts and the decay in ancestry correlation along the genome.",
"We recognise that although patients self-reported white European ancestry there may be subtle differences in population ancestry particularly between patients recruited from the Northern and Southern hemispheres and that this has not been accounted for by a principle components analysis.",
"The KhoeSan ancestral component was represented by 2 6ĽKhomani genomes.",
"Rates of adverse events are higher among patients of European ancestry.",
"One of the challenges of using these model-based approaches to infer global ancestry is that the total number of ancestral populations usually needs to be pre-specified.",
"The number of ancestries (K) to be retained in the admixture analysis (K = 2 to 10) was evaluated via a 10-fold cross-validation (CV).",
"In Canada children of Aboriginal ancestry are currently overrepresented in the child welfare system.",
"The ancestral allele is denoted A and the derived allele is denoted B.",
"EAS ancestry is also strongly associated with BMI in Native Hawaiians but we found no evidence of interaction between EAS and T2D (S19 Table).",
"Our approach significantly improves detection efficiency compared to traditional single-ancestry pathway analysis and the conventional approach that amalgamates single-ancestry pathway analysis results across different ancestry groups.",
"Under rapid climate change and particularly during the rapid establishment of seasonal gradients ancestral ranges likely undergo climatic fragmentation (i.e.",
"Finally a pattern of lower levels of Denisovan ancestry near genes and on the X chromosome in modern humans have also recently been reported [18 19].",
"Sample sizes by PRS decile and BMI category and ancestry background in the UKBB.",
"Amerindia n ancestry and haplogrou p A were not plotted since they were used as reference values (OR = 1).",
"Top row shows the ancestry profiles estimated using refset 2 middle row shows the same for refset 6 and bottom row shows them for refset 10.",
"While recent hybrids are commonly observed in sympatric population s and mexicana demonstrates fine-scale local adaptation we find that the majority of mexicana ancestry tracts introgressed into maize over 1000 generations ago.",
"Comparison of average European ancestry estimates from LAMP local ancestry calls with the first principal component in African American women from a) BioVU and b) CARDIA.",
"The partitioning of continental ancestry in the Yungas is as follows: 76% Native American 12% European and 12% African (S7 Table).",
"Interestingly higher European ancestry among African Americans was predictive of incident AF in a previous study .",
"From these outliers we find 13 regions with an excess of A ancestry in both hybrid zones at less than a 10% false-discovery-rate (top right corner of Fig 5).",
"PCA of the Procrustes data segregates ancestry groups along PC1 fairly well.",
"Would ancestral Australopithecine features emerge perhaps as a result of changes in fetal development?",
"Although our sample size may be a limitation of this study and it may not be large enough to detect an association of a gene polymorphisms with the some effect of RA; however in contrast to other studies our cohort has a homogenous ancestry with detailed clinical data.",
"However as F ST values only mirror the effects of past events weak genetic differentiation among populations could also be observed if populations were young shared a common ancestry and were only weakly differentiated despite lack of current gene flow.",
"A spectral graph approac h to discoverin g genetic ancestry.",
"West African Ancestry and Nocturnal Blood Pressure in African American s: The Jackson Heart Study.",
"Thus within the major ancestral backgrounds SNP haplotypes can be shared between individuals of different populations.",
"In the pairwise analysis between 3MaH and Sobralene Or115 and Gr37 have a CN<U+FFFD>2 in all 3MaH but are absent in some Sobralene (Fig (E) Ancestry proportions within individual sand flies for ADMIXTU RE models from K = 1 to K = 7 ancestral populations.",
"The great advantage of this clustering approach is that it avoids a priori population classi<U+FB01>cations and instead estimates the shared population ancestry of individuals based solely on their genotypes under an assumption of HardyWeinberg equilibrium and linkage equilibrium in ancestral populations.",
"However we noticed that in individuals with low olive ancestry the olive ancestry estimates based on the AIMs panel are slightly higher than those produced with the denser genome-wide panel (S5 Fig).",
"Harmonizing Genetic Ancestry and Self-identifi ed Race/Ethnic ity in Genome-w ide Association Studies.",
"Heterogeneity of these HLA effects in sarcoidosis across ancestries was observed in the ACCESS study  suggesting that while the HLADRB1*1101 allele was associated with sarcoidosis in AAs and EAs the HLA-DRB1*1501 allele was associated with sarcoidosis only in EAs .",
"These distributions are similar and clearly distinguish duplicated site pairs from pairs with independent ancestries for both factor groups.",
"In SSR Amelonado (0.423) was the more abundant ancestry followed by Criollo (0.243) and to a lesser extent Iquitos (0.083) Contamana (0.075) and Nacional (0.060).",
"This ancestral strategy exploits the specific peculiarities of aquatic visual worlds; however in air the same rules do not necessarily apply.",
"An adjustment for 5 principal components of ancestry was included.",
"Our ability to detect monitorable alterations did not differ among patients when stratified across predicted genetic ancestry (S3B Fig).",
"Upper Palaeolith ic Siberian genome reveals dual ancestry of Native American s.",
"(B C D) Pairwised LD values (r 2) of the seven SLE-associated SNPs their allelic P value and P value after conditioning on the SNP shown as – are depicted in EA AA and HS ancestry respectively.",
"Different subpopulations may share the same environment and partial ancestry some time in the past and therefore their population dynamics are dependent.",
"Our ancestry analysis uses the same principles that underlie admixture mapping and relies on the key assumption of different risk allele frequencies between the ancestral populations primarily Native American and European in this study.",
"Concerning the SNP background an ancestral GAGT haplotype was observed both in gorilla and orangutan.",
"Mitochondrial DNA analysis has been a valuable tool to help reconstruct the ancestry of hybrid lineages such as P.",
"This suggests that these TropI orthologues are the least derived relative to tetrapod TropI and are likely ancestral to all other teleost TropI paralogues tandem or otherwise.",
"Although these viruses share a common ancestry with the US Genogroup 2 PEDV our coalescent tree data indicate that only 9 of the Taiwanese viruses were significantly clustered (Fig 3).",
"Few if any of the other ancestral characters are shared in common.",
"We focused on ancestral chromosomal units where the fission / fusion has been inferred to occur after the split from the closest outgroup species (L.",
"The apportionment of genetic ancestral contributions to the different regions of Colombia was estimated as the mean of each ancestry across individuals using Admixture v1.3 software .",
"Association of the four-locus genotype CC rs3771280/AGrs1428030/GGrs13404927/GG5742938 identified in Black subjects was associated with OC in tobacco smokers (P = 0.007) whereas the significance of the association of the TT rs13320360/AArs10188090/GGrs13404927/GGrs5742938 genotype with OC in Mixed Ancestry subjects was lost (P = 0.054).",
" Replication testing We used a study of Southwest American Indians [31 32] to validate associations of four SNPs which are polymorphic in Amerindian ancestry identified under admixture signals.",
"For example the SNP rs12979680 in the IL28B gene encoding type III IFN-<U+03BB>3 has been found to associate with improved clearance and response to treatment in hepatitis C virus infection; however this polymorphism is vastly more common among individuals of Asian and European ancestry compared to those of African ancestry and this difference in host genetics is thought to partially underlie disparities in hepatitis C virus infection outcomes between African-Americans and European descendants .",
"The 1000 Genome AMR is made of three populations namely CLM: Colombian in Medellin Colombia (60 individuals); PUR: Puerto Rican in Puerto Rico (66 individuals); and MXL: Mexican Ancestry in Los Angeles California (55 individuals).",
"Of the five ancestrally related CFHR genes CFHR3 CFHR1 and CFHR4 are flanked by segmental duplicons and re-arrangements between these duplicons are common but vary in frequency between ethnicities .",
"The worship of earlier generations possibly through ceremonial display of their plastered skulls may have been part of an effort to plant roots and establish ancestral property rights to a piece of land.",
"However such techniques are not justified for shorter timescales because correlations between sites may arise simply as the result of linkage and shared ancestry .",
"Our cross-sectional findings regarding cancer self-reported prevalence are consistent with previous longitudinal research indicating that Cubans and Puerto Ricans have the highest incidence relative to the other four Hispanic ancestry groups.",
"The bottom of the figure illustrates the location of the SNP in the corresponding part of chromosome 3 as at the NCBI variation viewer (GRCh37.p13) and the distances at which EHH for the ancestral allele drops to the threshold limit.",
"In a separate investigation exomes of 75 celiac individuals of European ancestry from 55 families (singletons and multiple) revealed the gene burden of celiac disease amongst closely related subjects .",
"This East African population would have diverged from the ancestral African population more than 2200 generations ago (95% CI 1274–3586) thus potentially before the out-of-Africa dispersal.",
"Pharmac ogenomic Diversity among Brazilians: Influence of Ancestry Self-Rep orted Color and Geograph ical Origin.",
"In contrast the SNPs in the ancestral state were related to the Andean groups.",
"The derived C allele of rs11724320is positioned on an unusually long haplotype compared to the ancestral T allele in the European HapMap individuals.",
"A high posterior probability ofDQ exceeding zero was interpreted as evidence that observed positive correlations between characters were due to correlated transition rates and not simply due to shared ancestry.",
"A re-evaluatio n of the power of standard  measurem ents in estimating sex and sex-sp ecific ancestry from the innomin ate and sacrum.",
"In a biological context the assumption that ~L0 means that all cells initially present in the tissue are actively transcribing the morphogen gene and consequently that the ancestry of any cell present in the tissue at any time can be traced back to the transcription zone.",
"As stated previously the global ancestry analyses based on local ancestry results generated with RFMix  tend to be higher than the global ancestry estimates obtained with ADMIXTURE  so we cannot eliminate the possibility that the RFMix  results are biased towards higher estimates of olive ancestry (S1 and S2 Figs) perhaps due to the small reference samples used in the local ancestry analyses and the larger genetic diversity observed in the olive founders included in the reference panel (Fig 1A).",
"This may be due to the existence of brown egg layers with a dual purpose ancestral background in the commercial-layers group under study.",
"Loci identified ancestry independent if the statistical significance for lead variants increased in the multi-ancestry analyses indicating the association was not private to a single ancestry.",
"Among patients with pulmonary tuberculosis followed up in the United Kingdom those of African ancestry produced larger amounts of inflammatory mediators in response toMycobacterium tuberculosisantigens than those of Eurasian ancestry .",
"Thus if neutrophil count were better correlated to rs2814778 genotype than to an ancestry estimate that included information from both rs2814778 and closely neighboring SNPs it would indicate that the neighboring SNPs did not add relevant information and that rs2814778 is either the causal variant or is in strong LD with the causal variant.",
"Genotyping the Platinum Genomes dataset We next apply the pipeline to the publicly available Platinum Genomes dataset  a set of whole-genome sequencing reads of length 100 bp at roughly 30× coverage depth from a family of 16 individuals (four grandparents a mother a father and ten children all of European ancestry).",
"This reference phylogeny provides a scaffold upon which the ancestry of every member of every gene family could be examined.",
"Multiethnic PRS that combine larger EURbased GWAS with smaller GWAS of the target ancestry group were recently proposed and might alleviate the discrepancies in sample sizes for the time being .",
"All analyses were then repeated using genetically defined ancestry groups and including the first 10 principal components derived for each ancestry group separately as well as age sex and genetic ancestry groups as covariates in all models.",
"Briefly we included individual-level genotype data pooled from a total of 12661 CRC cases and 14361 controls of European ancestry from 16 studies within the Genetics and Epidemiology of Colorectal Cancer Consortium (GECCO) and the Colorectal Cancer Family Registry (CCFR).",
"These results demonstrate that sub-Saharan African ancestry can easily be separated from European and Native American-Asian ancestry and that ancestry estimates based on mtDNA/NRY and AIMs are highly correlated if the populations are thoroughly sampled.",
"Genome-w ide association study of alcohol use disorder identifica tion test (AUDIT) scores in 20 328 research particip ants of European ancestry: GWAS of AUDIT.",
"Hierarchical Bayesian clustering for the historical and contemporary data sets for 21 populations genotyped at 22 microsatellite loci.Inferred ancestry was computed using STRUCTURE v.",
"Association mapping of Crohns disease in Ashkenazi Jews.(A) QQ-plots of the 100% 75% and 50% AJ ancestry groups (Groups 1 2 and 3 respectively).",
"We have scaled each of the three proportions to values between 0 and 255 (with 100% corresponding to 255) to colour individual points by their estimated admixture represented by RGB where red green and blue respectively correspond to African European and Asian/Native American ancestry.",
"South American origin of indigenous components in the Caribbean In contrast to other regions in the Americas where indigenous peoples are numerous the genetic characterization of Native American components in the Caribbean required indirect reconstruction via genomic assembly of indigenous ancestry tracts transmitted to extant admixed individuals.",
"The variant rs1867504 inTF has previously been associated with increased serum transferrin concentrations in a cohort of European ancestry  but not with serum ferritin as seen in our study.",
"Regional ancestry estimates are assumed to be normally distributed with means equal to the expected regional ancestry proportions and variances proportional to the corresponding standard errors.",
"This is consistent with the fact that the evolutionary origin of most of the viral families included in this study is within insects  However it is possible that the differences in clustering between vertebrates and the two main clusters of invertebrates could be influenced by shared ancestry between the invertebrates in each cluster and the clustering in the virus families could be due to a common ancestor within the viruses studied.",
"Since we identified a significant interaction we performed a haplotype-based regression test to assess the effect size of ancestry-specific alleles (see Methods for details).",
"Strikingly the ancestral alleles at these three SNPs (all G) are the minor alleles in at least one population: all three ancestral alleles are the minor alleles in EA; the ancestral rs10930046 allele is minor in AA as well.",
"Central Asians (but also some of the South Asians) are somewhat outliers due to their high East Asian ancestry proportion.",
"High sharing of ancestral genetic variation due to a recent common ancestry or introgression and hybridization will further complicate discrimination of young species [3–5].",
"Distribution of shared evolutionary ancestry of IGRs across analyzed genomes/haplotypes.The Venn diagram shows the distribution of orthologous (allelic) IGRs in each genome/haplotype.",
"Comparison of the ADMIXTURE global ancestry estimates using the full dataset compared to the AIMs-only dataset of wild baboon populations.",
"In this case a conservative approach should allow for a wide range of possible times to infection at the expense of increased uncertainty in the inferred ancestries.",
"This analysis shows that our estimates of mixture proportions do not change significantly based on the ancestral population used (Text S2c Table S6).",
"Back migrations of individuals from newfound lands into Eurasia could explain this signal of admixture but it may also simply reflect the recent foundation of newfound lands populations from a Eurasian source as recent admixture and shared ancestral variation will give the same signal with Bayesian clustering algorithms .",
"The last common ancestral tradition for Austronesian ikat weaving is at the node pAW which presumably existed at an offshore location perhaps in the Philippines or Borneo.",
"These two CNV events were used to find the ancestry of the sequences.",
"These three centuries were a period of intense interbreeding between European males and Amerindian and African women which led to introgression of genomic African ancestry into Brazilians and also of African mtDNA since the African contribution was primarily from females .",
"Here we performed the largest eQTL mapping to date in hepatocytes derived exclusively from AAs (n = 60) using our local ancestry adjusted method (LAMatrix) .",
"Imputation is based on the conditional distribution of haplotype frequencies given external reference data and thus requires specification of local ancestry.",
"Through STRUCTURE analysis thirteen of these individuals were assigned to Group 2 and one was suggested to be of mixed ancestry.",
"However GCTA results reported previously for height weight and intelligence used the Illumina microarray which was designed with specific focus on European ancestry whereas the Affymetrix microarray was less ancestry specific.",
"We also evaluated these 10 SNPs among a more homogeneous subset of cases (and non-transmitted controls) estimated by AIMs to have $90% Northern European ancestry.",
"Consistently then with the exception of mens houses ancestral reconstructions of fundamental Tupi cultural traits indicate that cultural complexity has tended to decline through time with more trait losses than trait gains.",
"In other words individuals with the same ancestry are slightly more related to each other than individuals with different ancestries.",
"To understand this we note that in the absence of gene flow polymorphic sites where Neandertals carry the derived allele must have arisen from mutations that occurred prior to Neandertalhuman divergence so that they are old and recombination will have had a lot of time to break down the LD while sites where Neandertals carry the ancestral allele mutations will include mutations that have arisen since the Neandertal-human split and thus LD will be expected to be more extensive exactly as is seen in West Africans.",
"Further we have only explored the role of CNVs in sporadic BAVM subjects of European ancestry; results may not generalize to other ethnicities.",
"Robus t inference of populat ion structure for ancestry predicti on and correctio n of stratificatio n in the presence of relatedness .",
"In particular that viruses from both the Chiroptera and Soricomorpha form paraphyletic groups in all our analyses strongly suggests that ancestral hantaviruses jumped between mammalian orders.",
"Viperins display shared ancestry and mechan istic conservat ion.",
"The three clusters in dark blue (K1) red (K2) and green (K3) could be broadly interpreted as EUT AFT and ZEB ancestry respectively.",
"(1) (2) (3) (4) (5) (6) (7) (8) Ancestral arable land 13.40***(4.712) 10.40**(4.462) 18.22***(5.508) 13.21*** (5.015) 9.974* (5.277) Current potential arable land 18.30*** (5.982) 15.77*** (5.895) 20.12*** (6.697) 14.09** (6.348) 6.551 (5.609) Baseline Controls Yes Yes Yes Yes Yes Additional Controls Yes Continent dummies Yes Yes Yes Yes Yes Yes Yes Yes Observations 134 133 133 134 133 134 133 121 Adjusted R2 0.302 0.323 0.343 0.322 0.380 0.384 0.405 0.530 The dependent variable is female labor force participation rate.",
"For instance our findings show that an increase of 10% in African ancestry increases the odds of self-identifying as black 14 times in Porto Alegre compared to 4 times in Salvador (Table 2).",
"To determine if there were differences in the associated effects of the independent signals on different subtypes of breast cancer among women of European ancestry we conducted stratified analyses according to subtypes defined by: 1) tumor histology (ductal/mixed lobular other) 2) tumor grade (well-differentiated moderately-differentiated poorly-differentiated) and 3) ER status (ER-positive or ER-negative) subtypes.",
"We did note however that haplotype G the only common haplotype for which we did not observe an OR point estimate greater than 1 is in an ancestral position in the group H branch of the network.",
"Different HCV treatment outcomes in groups of individuals of central Asian (CA) or eastern European (EE) ancestry.",
"Ancestral Inference from Samples of DNA Sequences with Recomb ination.",
"We investigate this by analyzing the genetic ancestry of MS-associated alleles in a large combined cohort totaling 1471 MS cases and 10913 controls including African American Asian American and Hispanic individuals.",
"For instance it has been reported that women with higher European component present higher odds for the disease  compared to women with higher Indigenous American (IA) ancestry  whereas women with greater African ancestry have higher odds for breast cancer-specific mortality .",
"We have named this newly developed approach Genetic Algorithm for Genetic Ancestry (GAGA).",
"Population Genetics Models of Local Ancestry.",
"The indigenous North African ancestry may have been more common in Berber populations and appears most closely related to populations outside of Africa but divergence between Maghrebi peoples and Near Eastern/Europeans likely precedes the Holocene ( .12000 ya).",
"Our study was restricted to the Scandinavian population to minimize the effect of population ancestry and the variable degree of non-PSC immune-mediated co-morbidity on MHC haplotype architecture.",
"Summary of agronomic and morphological traits exhibiting high correlation with the estimated ancestry membership coefficients (Q).",
"European ancestry ranges from a low of 25.0% in the Argentinian Salta to 73.9% in the Brazilian RGS.",
"A varying number of group ancestries was investigated ranging from K = 2 up to 10.",
"Accurate local ancestry inference using CSVs The admixture process creates chromosomal segments of different ancestry in recently admixed individuals .",
"Here we assess the genetic admixture components of a censusbased sample of Puerto Ricans using a set of ancestry informative markers (AIMs).",
"CD161 expression thus presents a means to determine Th17 ancestry in peripheral and tissue infiltrating CD4+ T-cells .",
"Of course in the search for the ancestry of European MioPliocene Micromys another group of small-sized murids accompanying Progonomys at many sites must also be taken into account.",
"We first tested if the morphology of mixed-ancestry populations varied as a function of the relative contribution of the two races using a multivariate regression model.",
"Our comparison results suggest that SA and PCA have comparable performance if sufficient ancestral informative markers are used in SA analysis.",
"Global ancestry was evaluated as the proportion of ancestry from each reference population with ADMIXTURE  using the same reference panel and a set of genome-wide tagging SNPs consisting of 10928 independent non-MHC SNPs (R 2 <U+FFFD> 0.2) which were not within 1-Mb of any previously identified MS risk variant  and passed quality control in the Hispanic African American and HGDP NAM samples.",
"Comparison of somatic copy number changes between AA and CA MM cases To uncover potential racial or ancestry differences in copy number events across CoMMpass IA9 WES data we utilized GISTIC 2.0 analysis [20 22].",
"Ancestry-i nclusive dog genomics challenges popula r breed stereotypes .",
"Due to the small sample size used in the second panel (Material and Methods) the imputation based on this panel (consisting of five proxy ancestral populations (see Table 1) with their original sample size) has a lower genotype call rate compared to the first panel.",
"The exclusion criteria were: severe neurological abnormality prominent substance abuse mental retardation and aboriginal Taiwanese ancestry.",
"Fast model-based estimation of ancestry in unrelated individuals.",
"The primary analysis (replication of DRD4 x maternal sensitivity effect on child externalizing behaviors) followed the format of the original report  and used a median split of observed maternal sensitivity score in ANOVA withDRD4 genotype in the portion of the sample with European-only ancestry (N = 42) and then in the combined sample (N = 63).",
"Large-scale fine mapping studies are needed to identify genetic risk variants at these loci in African-ancestry populations.",
"Sex age ancestry (Mexican American other Hispanic non-Hispa nic White non-Hisp anic Black other ancestries) BMI smokin g alcohol consump tion arthritis COPD history of osteoporos is thyroid problems were adjusted.",
"Our extended pruning algorithm incorporates uncertainty in the ancestral state of modern populations at the tips of the tree.",
"We excluded variants that were multi-allelic or monomorphic had a missing rate higher than 20% had mean depth higher than 500 or had Hardy-Weinberg equilibrium p-value less than 5x10 -6 within ancestry groups.",
"Furthermore the model suggests that introgression that replaces existing derived variation will be more deleterious than introgression at sites carrying ancestral variants.",
"Q-matrix are represented on (A) a single map or (B) separate maps for each K with density of colors increasing with ancestry coefficient ; black dots represent spatial coordinates of individuals.",
"Admixture analysis A model-based algorithm implemented inADMIXTURE  was used to determine the genetic ancestries of each individual in a given number of populations without using information about population designation.",
"Admixture Mapping in West African Pygmies In order to incorporate ancestry information directly into association testing we performed admixture mapping  using EMMAX.",
"Autosomal analysis can also provide different distribution of ancestral components that is not related to the origin of the uniparental haplogroups.",
"For example it is not currently designed for the analysis of mixtures of more than two ancestral populations and it requires the use of reference populations.",
"While some studies have revealed that diet played an overriding guidance role in microbiome structure others suggested that common ancestry dominates the influence in determining the microbiome structure  and similar studies have not been reported in Ensifera.",
"It is also feasible that the ancestral Class II P6b structures have evolved to relatively stable states through time while the derivedCollema-type P6b regions are still in the process of balancing between the stabilizing benefits of long side stem-loop insertions and the costs of maintaining such structures.",
"We computed a covariate propensity summary score by genetic ancestry to decrease bias by regressing T2DM on the covariates (age sex physical activity cigarette smoking status current drinking status total calories % carbohydrate or % protein intake % total fat intake and 10 principal components for population stratification).",
"(C) Scatter plot of PCs 1 & 2 after ancestry pruning and PCA outlier removal.",
"These differences in frequency of SI by ancestry gender and age in the MVP do not necessarily reflect population-based estimates however because participants in the MVP were selfselected rather than epidemiologically-selected for study participation.",
"Assessment of the relationship between self-declared ethnicity mitochondrial haplogroups and genomic ancestry in Brazilian individuals.",
"We used 370539 SNPs to examine the association between individual genomic proportions of African European and Native American ancestry as well as that of ethnoracial self-classification with SRH in a population-based cohort of older adults in Brazil.",
"While the PS test only determines a general association between trait values and tree topology the SC and SP tests are both aimed at determining whether a particular trait value is more ancestral to another in the tree.",
"Consistent with this observation we found a significant negative correlation for all chromosome arms between proportion of average African ancestry and latitude (rho = -0.891 -0.561 -0.912 -0.913 and -0.755 for 2L 2R 3L 3R and X respectively).",
"Six studies included participants of Asian ancestry while the others included subjects of Caucasian ancestry.",
"While the association between Native American ancestry and gallbladder cancer is well established an added value of the present findings lies in the refinement and accurate quantification of the strength of this association [1 18 33–36].",
"All analyses were performed controlling for age sex and 5 ancestry -specific principal compone nts.",
"First ancestral variation disappears from the population through drift.",
"These studies revealed a weak geographic structure among mitochondrial haplogroups the highest diversity of which are found in Asian horses and also show that European and Middle Eastern horses lack genetic representation of the most ancestral lineages suggesting an Asian origin .",
"This accurately reflects the fact that on average East Asia and Europe share more recent ancestry with each other than with Africa.",
"Our previous study has shown that there is non-negligible indigenous ancestry in this particular data set indigenous percentages range from 7% to almost 40%.",
"It also innovates by using historical databases to associate surnames to ancestry and by applying machine learning algorithms to classification.",
"Genotype data for admixed sample s were masked for African ancestry.",
"We focused on the basicranium because previous analyses have found that 3D shape correlates significantly with among-population genetic distance in humans but studies in palaeoanthropology have suggested that there are no major differences among the cranial regions with regard to inferring ancestry .",
"However using local ancestry estimates in the context of whole-genome admixture mapping for TG HDL-C and LDLC we did not identify any genes with strong contributions to these trends.",
"Author DH provided ancestry estimates for 26 strains for which no online information was available.",
"Prior to the emergence of double cones this trade-off would have precluded ancestral red cones from using oil droplets (or ellipsosomes) in this way and correspondingly all teleosts  except lungfish  use them for non-spectral tasks.",
"To determine whether the observed excess odds of diabetes with increasing African ancestry might further be explained through the association between genetic ancestry and other non-genetic risk factors such as measures of SES we constructed additional models using only ARIC and JHS where these data were available.",
"Our objective is to follow up the local ancestry finding and identify the genetic variants that drive this risk difference and result in a lower risk for developing Alzheimer disease in African ancestry populations.",
"Origin of samples used in this study.Labels in purple correspond to the Native American ancestral populations labels in red to the validation samples and labels in black to the 18 populations from throughout the Americas.",
"Importantly we found smokers with high African ancestry had lower baseline lung function than individuals with lower African ancestry.",
"When mutation rates (and thus polygenicity) are high selected alleles tend to be more tightly linked so that selective interference is more pronounced and local ancestry is affected by multiple selected alleles.",
"RESEARCH ARTICLE An Ancient Fingerprint Indicates the Common Ancestry of Rossmann-Fold Enzymes Utilizing Different Ribose-Based Cofactors Paola Laurino1 Ágnes Tóth-Petróczy1 Rubén Meana-Pańeda2 Wei Lin2 Donald G.",
"We expect a deviation near 0 for selfed offspring or under strong assortative mating by ancestry; positive values indicate that the offspring have more M.",
"In particular the mean proportion of genetic loci where ancestry from one source population reached<U+FB01>xation varied from 0.0% (20 and 50 generation simulations without selection or with diffuse selection) to 0.3% (s.d.",
"In our full multivariate-norm al model we account for non-independent ancestry within and between our sampled populations: A anc est ry <U+FFFD> MVN đa; K Ţ; where a is the vector of genome-wide mean population ancestry frequencies and K is the empirical population ancestry variance-covariance matrix.",
"Compared to the ancestral SARSCoV-2 sequence reported from China the isolates in Bangladesh had a total of 180 mutations in the coding region of the genome and 110 of these were missense.",
"Bayes estimation of species divergence times and ancestral population sizes using DNA sequences from multiple loci.",
"The ancestral process for seed banks also includes both a fast timescale configuration process and coalescence events in a slow time scale.",
"Further studies with larger sample size and different ancestry groups followed by additional functional confirmation studies are warranted.",
"Interestingly it has been reported that the phz operon has a common ancestry and moved between species and inserted into Mycobacterium abscessus .",
"Regression analysis WITHOUT the inclusion of genomic and self-reported race/ethnicity Predictor Odds Ratio Standard Error 95% CI Z p-value BMI 1.06 0.018 1.025 1.097 3.39 0.001 Stage of disease Stage 0 versus I Stage 0 versus II Stage 0 versus III and IV 3.23 3.18 3.62 1.590 1.622 2.151 1.234 8.479 1.171 8.640 1.129 11.603 2.39 2.27 2.16 0.017 0.023 0.030 SLNB 0.42 0.116 0.243 0.719 23.16 0.002 Number of nodes removed 1.06 0.017 1.028 1.093 3.70 .0001 Any chemotherapy 1.74 0.416 1.086 2.779 2.30 0.021 Any radiation therapy 1.94 0.452 1.224 3.060 2.83 0.005 Overall model fit:x 2 = 85.32 p0.0001 R2 = 0.1380 Regression analysis WITH the inclusion of genomic and self-reported race/ethnicity BMI 1.05 0.022 1.012 1.099 2.56 0.010 Stage of disease Stage 0 versus I Stage 0 versus II Stage 0 versus III and IV 3.00 3.76 5.84 1.773 2.359 4.257 0.943 9.554 1.102 12.858 1.399 24.372 1.86 2.12 2.42 0.063 0.034 0.015 SLNB 0.40 0.137 0.206 0.784 22.67 0.007 Number of nodes removed 1.08 0.021 1.043 1.126 4.10 .0001 Any chemotherapy 1.20 0.368 0.654 2.184 0.58 0.561 Any radiation therapy 1.32 0.390 0.738 2.356 0.93 0.351 Self-reported race/ethnicity White versus Black White versus Asian/Pacific Islander White versus Hispanic/Mixed 4.35 2.90 2.35 4.880 2.693 1.290 0.483 39.201 0.472 17.875 0.798 6.890 1.31 1.15 1.55 0.190 0.250 0.121 Genomic race/ethnicity AIMS – Principal component 1 AIMS – Principal component 2 AIMS – Principal component 3 0.75 0.86 1.10 0.121 0.104 0.122 0.549 1.030 0.678 1.090 0.886 1.367 21.78 21.25 0.87 0.076 0.211 0.386 Overall model fit:x 2 = 77.83 p0.0001 R2 = 0.1735 Abbreviations: AIMS = ancestry informative markers; BMI = body mass index; CI = confidence interval; SLNB = sentinel lymph node biopsy.",
"Ancestral population divergence Population divergence times of the ADMIXTURE-inferred ancestral populations were estimated using the relationship 1{FST ~ 1{1=2NeđŢ t .",
"This was a European-ancestry score comprising 6437380 variants derived in 898130 individuals .",
"We calculated global ancestry (principal components (PC)) within each array dataset using the EIGENSTRAT approach using EIGENSOFT software with no reference population .",
"Genome-wide patterns of polymorphism and divergence show patchy heterozygosity symptomatic of hybrid ancestry.(A) Plot of single-nucleotide polymorphisms (SNPs) with respect toL.",
"Our algorithm on the other hand  does not rely on prior hypotheses about individual ancestry and is naturally coupled with other PCA-based algorithms such as PCA-based stratification correction methods and the ancestry inference techniques that we describe here.",
"This replication set include 89 SER cases and 200 controls of African ancestry and 249 SER cases and 1574 controls of Asian ancestry.",
"Given this fact investigators should use caution when using administrativelyassigned race as a proxy for genetic ancestry and expect some misappropriation of racial categories by third party assignment.",
"Ethnicity and genetic ancestry Individuals were asked to self-identify their ethnicity without categorical prompts.",
"In the UK replication sample by performing allelic association analysis using PLINK for the 23 SNPs passing QC (Tables S2 and S3) we demonstrated moderate association ( P#0.05) for twelve variants - with a lambda-GC of 1.01 following ancestry correction (see Table 2 and Table 3).",
"The proportion of AE2 ancestry is 1.0-the proportion of AE1 ancestry.",
"Meta-analyses were based on summary statistics from the two studies including a total of 1583 women of European ancestry for the estradiol analysis 1589 women for the testosterone analysis and 1598 for the SHBG analysis.",
"The errors associated with the PCA-derived ancestry estimates presented here provide support to our conclusions and refine the possibilities of how wild introgression took place in the history of commercial East Asian grapes.",
"It is also important to determine whether experience from training with photos and corresponding genetic admixture measures would increase the ability of individuals to gauge ancestry/admixture from facial features.",
"However in comparison to the distribution of admixture proportions seen in WHI SHARe African Americans (Fig 1A) and results from prior studies of admixture in African Americans we hypothesize that Pop 1 may correspond to European ancestry and Pop 2 to African ancestry.",
" proposed a principal component analysis (PCA) based method EIGENSTRAT to model the ancestral difference in allele frequency and correct for population stratification by adjusting genotypes through linear regression on continuous axes of variation.",
"We also compared the distribution of individual ancestry in Buenos Aires city (N = 168) the largest urban area in Argentina to those of two other large urban areas in Latin America: Mexico City (N = 502) and San Juan de Puerto Rico (N = 133) to contextualize the observed level of variation in individual ancestry proportions of Buenos Aires with those observed in other major Latin American cities.",
"Apicomplexa and Perkinsozoa occasionally appear in EGT trees consistent with photosynthetic ancestry in these non-photosynthetic organisms.",
"Our objective in this study was to identify areas of the genome that interact with ApoE e4 in African ancestry and result in a lower risk for developing Alzheimer disease.",
"In a prescient interview one of our key informants a breast cancer genetics researcher not affiliated with WISDOM insisted that WISDOM must be using biological ancestry markers derived from saliva samples telling us They must be.",
"Moreover variablesq and h are highly correlated to each other (Pearson correlation r = 0.89) and the inferred ancestry (q) is the most important of the two variables for classifying individuals.",
" were established for these clones (Table 3) using both SSR and SNP data and compared to their ancestries determined by SNP genotyping from either published study  or deposited data in the International Cocoa Germplasm Database (ICGD) .",
"One by comparing ancestry estimates obtained with our panel of 99 AIMs to those obtained with 118192 SNPs in a subset of individuals.",
"Furthermore risk alleles in ARID5B and GATA3 were found to be more frequent among Hispanic Americans than in European Americans  consistent with ancestry-related disparities in ALL susceptibility and treatment outcomes.",
"Our study had the peculiarity of yielding lower European ancestry estimates while at the same time depicting stronger Native American contributions.",
"Ancestry distribu tion of samples included in GWAS.",
"As described in Materials & Methods for each of 5842 yeast genes we inferred a collection of 100 ancestral recombination graphs (ARGs) using the software kwarg .",
"This can be explained by the fact that Tai´ nos were the oldest ancestral population on the island and little to no Native American immigrants have arrived since active colonization began in 1508 in contrast to European and African ancestries.",
"Inferring local ancestry requires training samples that represent the genuine ancestral source populations.",
"Samples of African ancestry typically have shorter-range linkage disequilibrium (LD) than samples of European or Asian ancestry potentially reducing genomic coverage in GWA studies using fixed arrays.",
"This suggests that the OB-IV subpopulation may be an evolutionary distinct population and the ancestry proportions were possibly mis-specified .",
"Although we cannot rule out weak ancestry effects the negative results suggest that there may be no common variants with a strong effect accounting for differences in HTN prevalence between African and European Americans.",
"All individuals in this study are of European ancestry and are unrelated.",
"We also acknowledge two additional factors affecting our data and analyses that may have an effect on the final regression parameters: 1) these data are not strictly independent as the 863 studied specimens exhibit varying degrees of common ancestry which may spuriously increase or decrease the strength of allometric scaling relationships.",
"These include a correction based on an ancestry informative markers (AIMs) panel designed to capture European ancestral variation and corrections utilizing un-thinned genome-wide SNP data; case-control samples were drawn from four geographically distinct North-American sites.",
"Our results suggest that all current Afghans largely share a heritage derived from a common unstructured ancestral population that could have emerged during the Neolithic revolution and the formation of the first farming communities.",
"• If ancestral gene repertoire reconstructions are estimated alternative approaches should be compared (e.g. Dollo parsimony maximum likelihood [with different birth/death models] Bayesian and reconciliation approaches).",
"They found that the Anglo-Saxon individuals were closely related to modern Danish and Dutch people and estimated that introgression from continental northwest Europe accounted for 38% of the ancestry of people currently living in eastern England.",
"Additionally we observed no evidence of higher genotyping error in subjects of non-European ancestry indicating the workflow can be used for tryptase genotyping in diverse populations.",
"These results strongly argue against ancestral polymorphism occurring in any of the two species pairs.",
"To do so we used the ancestral haplotype reconstruction described above and mapped QTLs with the HAPPY software package .",
"Consistent phenotyping may also aid in exploring facial morphology across ancestry groups.",
"The admixture parameters are the ancestry proportions contributed by each source and the admixture time G (generations ago).",
"For example using a starting corpus of 9525 records stratification followed by <U+03C7> 2 analysis fails to detect the well-known comorbid relationship between AF and Stroke for female patients aged 50–59 when white ancestry is included in the stratum description.",
"Genom e-wide association study in individuals of South Asian ancestry identifi es six new type 2 diabetes suscep tibility loci.",
"The problem of population structure arises generally when there is a correlation in the ascertainment panel between phenotype and ancestry such that SNPs that are ancestry informative will appear to be associated with the trait even when no causal relationship exists .",
"This new matrix is now equipped with the uncertainty in haplotype phase in haplotype transmission and in ancestry clustering and it can be shown with simple algebra that XC c~1 h/C3 ijc~2.We will use this uncertainty-coding matrix in conditional logistic regression analysis later.",
"Although thyroid cancer incidence is highest among individuals of European ancestry African ancestry confers a higher risk for the follicular variant of papillary thyroid cancer which was the SMN subtype observed in the survivor with thyroid SMN that was homozygous for the rs58722976 risk allele.",
"The similar levels of African ancestry for all age groups Fig 2.",
"Thus some of the shared expression differences undoubtedly reflect shared ancestry while some reflect true instances of parallel evolution.",
"Their method was able to report on the continental admixture underlying the genetic origin of the SAC however given an ethnic group within different populations their method cannot tell which population is the best proxy representing the ancestral genetic donor to the gene pool of a multi-way admixed population as was the case of the SAC in their study.",
"At the other end of the spectrum a transformation from a derived state to the original ancestral state—say from triangle (DM 2) to herringbone (DM6) or from unipartite (ST 0) to bipartite (ST2)—has a cost of 3.",
